SHORT_LINE_DENSITY_5,SHORT_LINE_DENSITY_2,VEDGE_MEAN,VEDGE_SD,HEDGE_MEAN,HEDGE_SD,INTENSITY_MEAN,RAWRED_MEAN,RAWBLUE_MEAN,RAWGREEN_MEAN,EXRED_MEAN,EXBLUE_MEAN,EXGREEN_MEAN,VALUE_MEAN,SATURATION_MEAN,HUE_MEAN,Target
-0.28718326344709527,-0.21160368475757949,-0.5228563105775165,-0.13035888878715882,-0.40477019215743965,-0.11658619142254113,-0.8009808128374865,-0.7229948583269123,-0.8316801666734592,-0.8314777721570574,1.3713342136585143,-0.8717086054829075,0.04569222822157935,-0.8603932220978261,0.5397236634757046,0.14050317774366472,0
-0.28718326344709527,-0.21160368475757949,-0.5052234856410401,-0.12566441687378918,-0.43958796397624644,-0.1189877823096713,-0.7885023398447654,-0.694790747502719,-0.8291375778079111,-0.8224611309430984,1.5062240637525766,-0.931071986303652,0.005205471419027545,-0.8449368215884734,0.5086172800420778,0.2671358488382469,0
-0.28718326344709527,-0.21160368475757949,-0.5228563359688372,-0.12933464092698052,-0.36995247256526453,-0.11441332585706683,-0.8029005759196876,-0.7167272931859432,-0.8418505084056823,-0.8314777721570574,1.4484141441021745,-0.931071986303652,0.06593565217050221,-0.8655453548281243,0.4823713985442716,0.24069830014570157,0
-0.28718326344709527,-0.21160368475757949,-0.4523248394401963,-0.12796897574603802,-0.3119228876850077,-0.11490889026489225,-0.8096197467073915,-0.7104597111225159,-0.8596486121578932,-0.8374888708080193,1.5736689801281178,-1.0141806948762613,0.07605735959019892,-0.8603932220978261,0.6631773349273227,0.3831910012401969,0
-0.28718326344709527,-0.21160368475757949,-0.3817934413029231,-0.12318914989425231,-0.35834653469856054,-0.11536633835565722,-0.8048203390018888,-0.7323962286016436,-0.8316801666734592,-0.834483322835035,1.3231592647187804,-0.8479632670456371,0.055813944750805485,-0.8578171534142192,0.6159344043028739,0.10582122584009301,0
-0.28718326344709527,-0.21160368475757949,-0.4523249029184981,-0.13001747404750028,-0.40477019215743965,-0.11658619142254113,-0.8172988171779753,-0.7355300139925378,-0.8545634481567661,-0.8434999640489941,1.4195091625982479,-0.931071986303652,0.09630071977241603,-0.8758496086964316,0.6097132687149783,0.2279290824928305,0
3.4820970692960302,-0.21160368475757949,-0.29362914840304166,-0.11132491005053732,-0.033380775806511526,-0.08700471070443987,-0.44294463517139065,-0.37827814098143225,-0.41469589707122967,-0.533928509306657,0.9570296839941682,-0.16528460665789255,-0.7235569708845503,-0.4404947129334131,0.060447536520406214,-0.18178764566096442,0
-0.28718326344709527,-0.21160368475757949,-0.06440189101111415,-0.008473375081656534,0.01304285031638865,-0.10926705449468835,-0.4966980533066773,-0.397080825122701,-0.5163993830433055,-0.5639839619865642,1.3231592647187804,-0.5452101391936813,-0.46039277838208176,-0.5435372979856425,-0.23978819725174846,-0.0030200641101733646,0
-0.28718326344709527,-0.21160368475757949,-0.1878319258274859,-0.11337343337950641,-0.2538932923594245,-0.10999135231409628,-0.5034172500112088,-0.3939470679359035,-0.5240271816765436,-0.5790117153764524,1.4195091625982479,-0.5570828003982622,-0.5413662919871853,-0.5512655295395003,-0.1520065146155212,0.02459620414401253,0
-0.28718326344709527,-0.21160368475757949,-0.18783195756663681,-0.10210672618365556,-0.2771051263115273,-0.10724668075217676,-0.4093487293992159,-0.33127133191392166,-0.3943551998768145,-0.4978619119908994,1.0533795801393377,-0.23058424328308705,-0.7134350994933246,-0.4198861959229672,-0.08129946592064705,-0.14026068416157622,0
-0.28718326344709527,-0.21160368475757949,-0.4875906035740922,-0.13138313867534868,-0.4163761300241437,-0.1159381438374761,-0.8595336386782759,-0.7731354866302331,-0.9155855282983708,-0.8675443505378609,1.496589084370418,-1.0972894077230326,0.29873473152340985,-0.9119145123054829,0.7817707690034259,0.49460899020209986,0
-0.28718326344709527,-0.21160368475757949,0.09429360959113509,-0.0471387483616405,-0.17265194664434919,-0.11170677153853524,-0.3536755481817281,-0.318736162146248,-0.2951943668434748,-0.45277870592110403,0.6101700707053634,0.11965958281422075,-0.8450172412922057,-0.3194197421527073,0.05220657118546727,-0.2768973271062685,0
-0.28718326344709527,-0.21160368475757949,-0.3465277596908195,-0.12182348734050667,-0.404770202602766,-0.11795852951931957,-0.7971412737146704,-0.7073259172703927,-0.8393079195401343,-0.8254666789160825,1.47731908224865,-0.9488809941386319,0.06593565217050221,-0.8500889682295188,0.5154218592907504,0.26201570940958974,0
-0.28718326344709527,-0.21160368475757949,-0.13493339388758524,-0.0941687960836077,-0.21907548920463876,-0.11079188070911959,-0.39879005836393716,-0.33127133191392166,-0.376557132737854,-0.48583970386900194,0.9473947046120097,-0.17122093726018303,-0.7033134102926866,-0.4018537870099122,-0.06995855929737152,-0.1875988362053521,0
-0.28718326344709527,-0.21160368475757949,0.07666111474182812,-0.07675659264672612,-0.04498659877462596,-0.1040445684071868,-0.47558065940246497,-0.440953877003414,-0.42995147145442436,-0.5579728714505828,0.706519968584831,-0.07030315674015915,-0.6223398966875829,-0.45595115285654964,0.1519070042459438,-0.2656883322215437,0
-0.28718326344709527,-0.21160368475757949,-0.4170591641759229,-0.12216489940687718,-0.3351346798558051,-0.11521385559011872,-0.7990610497552852,-0.7104597111225159,-0.8418505084056823,-0.8254666789160825,1.4676840855235114,-0.9548173354263281,0.08617901235271931,-0.8552410916859857,0.468762107766773,0.2672712872975742,0
-0.28718326344709527,-0.21160368475757949,-0.452324934657649,-0.1279689778201408,-0.46279982926432817,-0.11868281842539868,-0.8048203390018888,-0.7198610672951988,-0.8393079195401343,-0.8374888708080193,1.4387791473770353,-0.9013903065786855,0.025448849820303487,-0.8629692884629753,0.6184619252765029,0.2029116385078515,0
-0.28718326344709527,-0.21160368475757949,-0.15256623786755216,-0.10756935058758138,-0.17265180040978062,-0.1098769899826292,-0.4957381717655768,-0.397080825122701,-0.5062290230044572,-0.5730006248404709,1.3135242766651316,-0.47991039571442906,-0.5616096703884613,-0.5332330278881302,-0.1035257063208295,-0.029870819022105404,0
-0.28718326344709527,-0.21160368475757949,-0.4170591832194134,-0.1283103926519817,-0.4511938705069715,-0.11765356553212167,-0.7933017449585853,-0.7167272931859432,-0.8189672337873598,-0.8284722241840732,1.3520642462227068,-0.8301542592106571,-0.0049163088769043385,-0.8475128833167067,0.5994093503031716,0.09598789230708321,0
-0.28718326344709527,-0.21160368475757949,-0.3288948363629754,-0.13010282985260885,-0.35834653469856054,-0.1162812287733718,-0.808659865166291,-0.7292624432107492,-0.8443930995595584,-0.834483322835035,1.3906041984373019,-0.9132629731259692,0.09630071977241603,-0.8655453548281243,0.5406959225990519,0.19459859685977263,0
-0.28718326344709527,-0.21160368475757949,-0.4875906702263091,-0.12933464152616575,-0.4744057357950532,-0.11841597472817683,-0.8153790463207259,-0.738663807844661,-0.8469356838484502,-0.8434999640489941,1.3713342136585143,-0.8895176346886988,0.07605735959019892,-0.8706974736476754,0.6709541292059585,0.15476985494128984,0
-0.28718326344709527,-0.21160368475757949,0.11192673922346008,-0.07812224183403164,0.059466539111246754,-0.0902068240786826,-0.2682460391901229,-0.23412387197981296,-0.20111867950463702,-0.37763996602159794,0.5330901662761737,0.25025901634569664,-0.986720981196431,-0.22410538865433546,-0.00410076872532677,-0.2800790702765497,0
-0.28718326344709527,-0.21160368475757949,-0.4346920271993802,-0.1260058393106736,-0.39316428144858406,-0.11822537389584821,-0.820178451434546,-0.8138747333771842,-0.8087968737485115,-0.8314777721570574,0.7257899533636186,-0.5927007840120047,0.24812623997257316,-0.8397846981320065,0.6839266674210865,-0.4148038904128356,0
-0.28718326344709527,-0.21160368475757949,-0.2230976772657214,-0.10859360245769169,-0.34674071173044607,-0.11410836608980521,-0.4064690847759142,-0.32813749011483395,-0.3968978299322692,-0.48884524913699273,1.0533795801393377,-0.2662022803238585,-0.6527049642894968,-0.42246230402035806,-0.14460111891266553,-0.14587112752585984,0
-0.28718326344709527,-0.21160368475757949,-0.13493326693098165,-0.1023627810852279,-0.20746968712717695,-0.09626794942322832,-0.3431168512296219,-0.2654617540928523,-0.3206202097323919,-0.4407564977992066,0.9955696448802533,-0.12373018558780179,-0.8348955520915676,-0.3451803594350413,-0.10776047904034942,-0.16614492143020257,0
-0.28718326344709527,-0.21160368475757949,-0.3288949442760885,-0.11781182780662901,0.001436902004358358,-0.10450199714800008,-0.3632743895095613,-0.30620102058267096,-0.3257053554268939,-0.45878976940715094,0.8221398512430861,-0.03468522655344557,-0.80453039339436,-0.35033245970692933,-0.02410867096244296,-0.22179450811613258,0
-0.28718326344709527,-0.21160368475757949,-0.3288948871456168,-0.11883609811320846,-0.36995247256526453,-0.11670055498911149,-0.8124993913306932,-0.7229948583269123,-0.857106037022314,-0.8374888708080193,1.4869540789737892,-0.9785626792063012,0.10642242719211276,-0.8706974736476754,0.5319469132904527,0.3074457026184672,0
-0.28718326344709527,-0.21160368475757949,-0.3994263075002956,-0.12156742806027292,-0.30031696026363,-0.11761544674485462,-0.7942616239080033,-0.7104597111225159,-0.8265949866540351,-0.8284722241840732,1.4195091625982479,-0.8776449467706035,0.005205471419027545,-0.8500889682295188,0.595132292028128,0.16888849475313855,0
-0.28718326344709527,-0.21160368475757949,-0.06440201796771777,-0.09655868100911305,0.07107234118870857,-0.1040445581146593,-0.4362254384668592,-0.3657429712137585,-0.4248662571100779,-0.5128896653807875,1.0052046329339022,-0.2780749949554682,-0.5818531398850311,-0.45079898303092536,-0.1174703713791523,-0.15762271189097474,0
-0.28718326344709527,-0.21160368475757949,-0.029136425225236726,-0.05319886416183076,-0.10301642389738833,-0.1021004231817851,-0.27976459176650215,-0.23412387197981296,-0.21891667799375317,-0.39266769236155163,0.6487100315914486,0.196831987498054,-1.0170861398936386,-0.24213772801365435,0.010850195549006776,-0.25623393068556005,0
-0.28718326344709527,-0.21160368475757949,-0.29362954514242795,-0.09800964495733776,-0.3119229503569656,-0.11856846660260217,2.356072737695227,2.3919909931828567,2.2499352294476243,2.4235309016892717,-1.5866073529418783,1.1882001597670735,-0.3591757041851144,2.259220806773791,-1.105538339885518,-0.6519009017294592,1
-0.28718326344709527,-0.21160368475757949,-0.4523253091796296,-0.11743848124070332,-0.43958770284308835,-0.11619001639473932,1.904927895041411,1.7997049620178118,1.937196972898159,1.9486544517974578,-2.5212012201602754,1.7877700314416656,-0.3996625520829601,1.942364820063245,-0.7736350020846361,-0.6862694874777294,1
-0.28718326344709527,-0.21160368475757949,-0.41705891661054584,-0.12425716049339715,-0.46279918165409617,-0.1164151092364227,1.8818908158054806,1.7526981811543978,1.9422820957093792,1.9155934538495596,-2.723536307475013,1.96586032349958,-0.4907578459839956,1.947516897150554,-0.7107174465630703,-0.6841652096397901,1
-0.28718326344709527,-0.21160368475757949,-0.3288943412322214,-0.12088459678340008,-0.38155820152544206,-0.11490889695503513,1.4595425489688192,1.2982987353927966,1.6931085607986136,1.3235002786572212,-2.6753609769897144,2.832565499693472,-2.019134372805029,1.6950625695687365,-0.40924238003899155,-0.5575405350066888,1
-0.28718326344709527,-0.21160368475757949,-0.275996558336282,-0.12050247192315193,-0.3699524621199382,-0.11204037191034726,2.2783222551155986,2.2854421206678714,2.2092537892922315,2.330358890181821,-1.7889421801119127,1.3840993367778016,-0.4806361567833577,2.218003726383742,-1.0332780135426547,-0.6476932459768983,1
-0.28718326344709527,-0.21160368475757949,-0.2936287357940799,-0.11542201662700019,-0.3235292329194383,-0.11044870108197097,2.367591212521123,2.4327301186521915,2.262648036475676,2.4054976571312614,-1.3264626494788925,1.2060090981469158,-0.6628267445854287,2.2721009994920642,-1.1359076583075403,-0.5982758853876073,1
-0.28718326344709527,-0.21160368475757949,-0.3641619335412093,-0.1280543031820297,0.0014365886445686247,-0.10907648834817736,2.5710865139036834,2.730440435889564,2.3414683553808517,2.6639751993768916,-0.6231084608621044,0.49958506192298074,-0.19722849478431936,2.351959121728508,-1.367665942998232,-0.6044641438021487,1
-0.28718326344709527,-0.21160368475757949,-0.39942591393482446,-0.1307856668447871,-0.38155820152544206,-0.11399400139105682,1.9797987589145654,2.0566754486834307,1.9346544114925488,1.939637734843682,-0.9025232965192099,1.3069267718128819,-1.2802504234914012,1.9397887815195904,-1.0738193670641059,-0.48686974970140445,1
3.4820970692960302,-0.21160368475757949,-0.17019857402110453,-0.10577694553554728,-0.16104591476970825,-0.11258355284395861,1.9769191402080912,1.9626620279770866,2.01347450156491,1.927615661971457,-1.7407671097713173,1.8768152576111663,-1.3713457173924368,2.019646671910247,-0.8830874366659016,-0.5513704678992144,1
-0.28718326344709527,-0.21160368475757949,-0.29362914840304166,-0.12464006291173103,0.05946685247103649,-0.06779198620111537,2.756343625419264,2.931002588090409,2.445714288342131,2.928463237059945,-0.632743440244263,0.08404159920047827,0.5214121034566208,2.4575776294014986,-1.457097670623587,-0.7593105422415969,1
-0.28718326344709527,-0.21160368475757949,-0.46995789607247423,-0.12387612269346031,-0.38155820152544206,-0.11563335842563018,1.8310169904598406,1.7182262880176906,1.8888878485259348,1.8524768950220167,-2.5308364596871376,1.9064968037685603,-0.5919748290856691,1.8934196240422316,-0.7282071756240242,-0.6669510907356938,1
-0.28718326344709527,-0.21160368475757949,-0.20546457937254733,-0.1149952377166852,-0.34674044015196165,-0.11593809196313754,2.631558765907916,2.8307215119899864,2.3694367596753794,2.7240858342373615,-0.30515388110616687,0.3214950904272392,-0.22759365348152719,2.380295777554497,-1.4413156606983972,-0.5619469452520074,1
-0.28718326344709527,-0.21160368475757949,-0.36416033388800373,-0.11926550652493374,-0.19586342545535693,-0.1067692104018314,1.8617333552760231,1.7683669388842886,1.8812599354762891,1.9095821469141026,-2.3766767028576985,1.6631071422205956,-0.3389323257838385,1.88569127656548,-0.7993961650090655,-0.6877924148523769,1
-0.28718326344709527,-0.21160368475757949,-0.3641607147578146,-0.12131444352217903,-0.42798169185910007,-0.11698705222640884,1.9442832455611547,1.8122399907650015,1.977878184220737,2.0117708212754595,-2.800616142532282,1.829324505938785,-0.17698511638304343,1.9835816686075063,-0.7432461061999939,-0.7164563866891803,1
-0.28718326344709527,-0.21160368475757949,-0.5052230857277388,-0.1297614040741144,-0.43958770284308835,-0.11898778000414513,1.678395644007058,1.5834736008215278,1.8126100910263685,1.5939996232757314,-2.241786471218071,2.3161043098779746,-1.5940231530923532,1.8161375403494422,-0.6457291775290036,-0.565766284092942,1
-0.28718326344709527,-0.21160368475757949,-0.2054649919815091,-0.11089821410433344,-0.3583467101800427,-0.10804712238119332,2.3464739222842215,2.388857066771479,2.2346796321811486,2.4145144822847753,-1.5191625839816694,1.1407094080946922,-0.3490540149844765,2.2437643436660757,-1.119236919766181,-0.6484941777297308,1
-0.28718326344709527,-0.21160368475757949,-0.38179371743353596,-0.12114063417032674,-0.43958796397624644,-0.11715800668226109,2.617160931543821,2.808784929641437,2.3465534781920727,2.7270913524554175,-0.36296375739911835,0.25025901634569664,-0.04540306567945622,2.3571111988158178,-1.441708418109522,-0.5940358966758431,1
-0.28718326344709527,-0.21160368475757949,-0.3994279388926521,-0.11990921745795041,-0.30031696026363,-0.11558640494446526,2.3243966727557357,2.335582799738567,2.2397647549923687,2.3904699037413737,-1.7889421801119127,1.312863155842201,-0.3591757041851144,2.248916420753385,-1.0547504775385912,-0.6620700352204787,1
-0.28718326344709527,-0.21160368475757949,-0.3288947411455227,-0.11986034306964286,-0.32352950449792267,-0.11456581798880536,1.3875513038021394,1.1729473197570264,1.6676826034932892,1.2483615117077809,-3.108935482761358,3.099700643931685,-2.019134372805029,1.669301836363509,-0.2697123929594764,-0.5776578708142103,1
-0.28718326344709527,-0.21160368475757949,-0.22309716943930702,-0.10347221866097345,-0.25389291632767685,-0.10358703056558209,2.368551171812707,2.426462604278597,2.2601052462372504,2.4175198382032246,-1.3939076785838052,1.182263882591812,-0.5514880722831172,2.2695247291026224,-1.132079470684455,-0.6153953195026245,1
-0.28718326344709527,-0.21160368475757949,-0.3817933365637251,-0.11806779974409025,-0.38155845221327384,-0.11216418792831555,1.9318046818595376,1.9187888632799865,1.9499100087590246,1.9035710834280555,-1.6925923862903267,1.7105978938929767,-1.1385466835871758,1.9552452446273054,-0.9032568088762467,-0.5716360982134598,1
-0.28718326344709527,-0.21160368475757949,-0.4699566836369097,-0.12293304567512506,-0.41637647680897766,-0.11639555693364759,2.5355706117978594,2.6364263100808016,2.3618090754585483,2.6188916146080135,-1.1337629751208191,0.8617017095059563,-0.2782021905800108,2.3725676619235325,-1.2439779857585869,-0.6353055443865806,1
-0.28718326344709527,-0.21160368475757949,-0.4346915035033904,-0.12553772007516278,-0.28871092838898904,-0.11237684286807671,1.974039521501617,1.9125213489063917,1.9702505000039063,2.0177818847615066,-2.1743416155429607,1.5918711215660817,-0.4300276196848739,1.9758535529765426,-0.872371994698621,-0.671670802856077,1
-0.28718326344709527,-0.21160368475757949,-0.3994263075002956,-0.11569630980566367,-0.2654997211564657,-0.1103301382671092,1.8578937772779662,1.7871698204542346,1.8812599354762891,1.8795268294838676,-2.164706636160802,1.6868523577756995,-0.6020965182863071,1.88569127656548,-0.8220480388476913,-0.6524734458002843,1
-0.28718326344709527,-0.21160368475757949,-0.2936287357940799,-0.11429260544150623,-0.34674044015196165,-0.10998386419157015,1.8233378344637259,1.7401628421621436,1.8710896898538485,1.8284323435285494,-2.2514215373151307,1.829324505938785,-0.7539219473911701,1.8753871223908618,-0.7755736118178378,-0.6408085111946252,1
-0.28718326344709527,-0.21160368475757949,-0.417059310176017,-0.11857869274027202,-0.39316421250943034,-0.11184039633520325,1.9078076433320232,1.7840358940428565,1.9448246571149894,1.9636820158378046,-2.6946310224689327,1.8233882287635237,-0.2782021905800108,1.9500929356942087,-0.7459671089438388,-0.7034154693306213,1
-0.28718326344709527,-0.21160368475757949,-0.08203483020853368,-0.11132489161406818,-0.2306817090951535,-0.11670056939864998,2.3032791233505585,2.3293152853649715,2.2168814735090616,2.3574088246436724,-1.6347822498526716,1.2831816631118356,-0.47051437648742583,2.2257318420147056,-1.0739298209917243,-0.6423914120303794,1
-0.28718326344709527,-0.21160368475757949,-0.4699583023336057,-0.13112708123876185,-0.3699524621199382,-0.11395586891472821,2.304239082642141,2.3387164159048806,2.2117963506978415,2.3574088246436724,-1.5577025015103039,1.241627188614716,-0.4806361567833577,2.2205797649273964,-1.0898548081247765,-0.6340508584408711,1
-0.28718326344709527,-0.21160368475757949,-0.3112621510787631,-0.1073160888110829,-0.17265167506586476,-0.10629561621733948,2.3099983200550893,2.3167801155972976,2.247392668042014,2.3544034687252227,-1.8178470315434874,1.4553353040052865,-0.5717314506843931,2.256644768230136,-1.0256349544985364,-0.6385268841828443,1
3.4820970692960302,-0.21160368475757949,-0.41705971008931836,-0.11771486257995212,-0.0914101413349156,-0.11174228075838201,2.266803780289702,2.2509705095721317,2.219424034914672,2.3153311638418677,-1.9912768338521447,1.5265712712327715,-0.5110012243852715,2.2283078805583605,-0.9837518833868656,-0.6539168585217814,1
3.4820970692960302,-0.21160368475757949,-0.3994263075002956,-0.11237616443425352,-0.2306814375166691,-0.11064655104433734,-0.8729719932120976,-0.8984870179028,-0.8698189653317571,-0.8434999640489941,0.47528022928279123,-0.6936185271331082,0.6833592946383571,-0.9016102491633443,1.8531932679908902,-0.7577145282374975,2
-0.28718326344709527,-0.21160368475757949,-0.4699577627680404,-0.12250671154462792,-0.4511938809522978,-0.11563335533787193,-0.9468829470356409,-0.9298249056566585,-0.9791501995938519,-0.9156331248680913,0.9281247285047123,-1.0023080229862744,0.7339677916549115,-1.0123810147633583,0.5834673872171721,-0.7097601215617471,2
-0.28718326344709527,-0.21160368475757949,-0.3641606195403619,-0.12395733441817364,-0.3815583832741201,-0.11490889232339775,-0.9017684679536246,-0.9266911171633135,-0.8596486121578932,-0.9186386731115748,0.5041852281296978,-0.4442923586736577,0.22788281602365032,-0.8913059860212056,2.481932298702189,-0.5036403992505414,2
-0.28718326344709527,-0.21160368475757949,-0.11730054990761835,-0.08658033616967725,-0.14944005002028846,-0.10180772737273108,-0.8854504662048187,-0.8953532325119056,-0.877446729640073,-0.8765609998668005,0.6294400728271313,-0.6698731886958379,0.48092530110642207,-0.9093384459403339,1.9380821159647386,-0.5715130658398707,2
-0.28718326344709527,-0.21160368475757949,-0.3817934413029231,-0.12011641064628772,-0.3699524621199382,-0.11395587817800296,-0.8864103529292848,-0.9110221735684253,-0.8621912010234412,-0.8825720958127687,0.494550231404559,-0.5570828003982622,0.4303168095555853,-0.8938820523863547,2.10107282592409,-0.5922280792908782,2
-0.28718326344709527,-0.21160368475757949,-0.15256630134585394,-0.09630262841209937,-0.3699524621199382,-0.11715799752191161,-0.876811527151548,-0.9141559617797292,-0.8240524023651433,-0.8945942877047055,0.36929536936414536,-0.34931101560998207,0.20763943762237438,-0.8552410916859857,2.2998250783623018,-0.5440201513604591,2
-0.28718326344709527,3.491460798500062,7.129806260646494,13.073228145087363,8.798723453087636,14.149043091911993,0.7866647334020155,0.7279492865763015,0.8006605829496453,0.8185683490355656,-1.181937872031612,0.74297499060609,-0.025159687278180277,0.7908639987602442,-0.5156674951358277,-0.6953385289929881,2
-0.28718326344709527,-0.21160368475757949,-0.29362914840304166,-0.12156742322069976,-0.31192284590370234,-0.10896210028539158,-0.8960091787070215,-0.9235573286699688,-0.8672763810428653,-0.8945942877047055,0.47528022928279123,-0.5333374245620717,0.41007342204478003,-0.8990341874351109,2.4274960615532657,-0.5959193718997391,2
-0.28718326344709527,-0.21160368475757949,0.288255115544827,-0.09094411935849248,-0.10301631944412508,-0.10261124543821495,-0.49285852714227507,-0.47855935810233846,-0.49097354015438843,-0.5038730025268808,0.5330901662761737,-0.390865329826015,0.10642242719211276,-0.48686387041077167,-0.16146291408810506,-0.2329747697349252,2
-0.28718326344709527,-0.21160368475757949,0.3235209939396662,0.18510960844291893,2.9377340745159026,0.616241650924322,-0.34887614047622534,-0.440953877003414,-0.28248142251573477,-0.33556227816985884,-0.565298671284054,0.17902288883712497,0.28861301499418374,-0.3065394103269616,0.40135333240272186,-0.7013720648771067,2
-0.28718326344709527,3.491460798500062,0.6938110666496307,0.0696256859793401,0.6513685033510668,0.17362498934977638,-0.6378007694325979,-0.7135935021542297,-0.5748788674543779,-0.6331115843001545,-0.1798990624232037,-0.08217592479879772,0.32909982645391195,-0.6027867641041681,0.9035862389489338,-0.6737620960861456,2
-0.28718326344709527,-0.21160368475757949,-0.540489211687955,-0.13112707591523137,-0.5208293911648672,-0.11948334796289256,-0.9478428311684242,-0.9298249056566585,-0.971522437573864,-0.9276553181125248,0.9377597078868708,-0.9429446528509358,0.6226290956678237,-1.0046528203048266,2.543173159193169,-0.48467162271746705,2
-0.28718326344709527,3.491460798500062,4.27328204458526,0.30919635613396523,5.015193954847267,0.20662468514348797,0.46414432825760576,0.40830275364363683,0.4904648878057899,0.4819467921217838,-0.892888143707249,0.564884858829262,-0.025159687278180277,0.4765840505933526,-0.5530561275879605,-0.6533166739490529,2
-0.28718326344709527,-0.21160368475757949,-0.5228563423166674,-0.12728614516053277,-0.2771051054208746,-0.09855521046210819,-0.939203886931788,-0.9204235398945828,-0.974065026439412,-0.906616479596642,0.9377597078868708,-1.0141806948762613,0.7440894917869846,-1.0072288866699757,-0.7556651842556548,-0.7652902755673592,2
-0.28718326344709527,-0.21160368475757949,-0.4699577722897857,-0.1290785800796469,-0.4395879702434422,-0.11807289020398222,-0.9315248268279352,-0.9298249056566585,-0.9282984634727982,-0.9276553181125248,0.7739649023033524,-0.7411092093503518,0.45056021528544943,-0.9608597291926171,2.543173159193169,-0.48467162271746705,2
-0.28718326344709527,-0.21160368475757949,-0.27599630442307477,-0.12318914989425231,-0.404770202602766,-0.11750108297243371,-0.8883301160114858,-0.9141559617797292,-0.849478268137342,-0.9006053836506738,0.48491523467942016,-0.45616507330526734,0.2683696001547903,-0.8810017321528985,2.2175276426759027,-0.5296211211548821,2
-0.28718326344709527,-0.21160368475757949,-0.39942629163072024,-0.11849468143772066,-0.3119228876850077,-0.10987698514514128,-0.9056080044847581,-0.9266911171633135,-0.877446729640073,-0.9096220275696263,0.5427251716728027,-0.5452101391936813,0.35946489405582577,-0.9093384459403339,2.488736789764093,-0.5432120202210841,2
-0.28718326344709527,3.491460798500062,7.482462822854322,0.16306761122231722,5.154464833215968,0.044181748118400595,0.32976080883621667,0.2484796422998365,0.3913040776557316,0.33166944757244415,-1.0181429623902123,0.7014206229630283,-0.12637667037985365,0.3761176200076714,-0.2833226537914288,-0.6557188264051805,2
-0.28718326344709527,-0.21160368475757949,-0.36416057193163553,-0.11269060532901569,-0.3351347132808494,-0.11612874600783328,-0.908487646516377,-0.9266911171633135,-0.8799893185056209,-0.9156331248680913,0.5716301358337489,-0.5452101391936813,0.32909982645391195,-0.9119145123054829,2.481932298702189,-0.5202493197234239,2
-0.28718326344709527,-0.21160368475757949,1.5225558445783554,-0.0463488355370209,0.01304285031638865,-0.08688082366803189,-0.5590904312286965,-0.6759880351573535,-0.4274088413989697,-0.5970450140343312,-0.6231084608621044,0.4639671317362672,-0.1364983595804917,-0.4533750447591588,1.047583018136044,-0.6216628997296053,2
-0.28718326344709527,-0.21160368475757949,-0.5052234856410401,-0.12976141214006967,-0.4395879702434422,-0.11761544499512494,-0.9180864748857964,-0.9266911171633135,-0.905415175124507,-0.9156331248680913,0.6679800337132163,-0.6639368580935475,0.4303168095555853,-0.9376751434985642,2.445187958781138,-0.524260856472944,2
-0.28718326344709527,-0.21160368475757949,0.4822168436725753,0.2130203947007106,-0.16104591476970825,-0.05357303135638026,-0.8835307031226175,-0.8890856560892978,-0.8723615496206488,-0.8825720958127687,0.6679800337132163,-0.6461278128596474,0.39995171462508333,-0.9041863108915777,2.081819670145674,-0.5004471499178397,2
-0.28718326344709527,-0.21160368475757949,-0.31126199238300856,-0.11273371325068973,-0.36995243496208974,-0.11267396652245772,-0.9152068250791291,-0.917289751401238,-0.9181281171639187,-0.9006053836506738,0.7257899533636186,-0.7707908890753183,0.5517772074966523,-0.950555473005852,2.20722345970379,-0.5766993882005277,2
-0.28718326344709527,-0.21160368475757949,3.250576141572654,6.031859851748805,1.3825411370530611,1.9939155998050684,-0.4083888478581153,-0.5349675515466285,-0.3079072882879334,-0.4016843552154582,-0.8350782674142975,0.36898568181853375,0.24812623997257316,-0.3323000507938743,0.7586354112061829,-0.7058045086184042,2
-0.28718326344709527,-0.21160368475757949,-0.5228563423166674,-0.12933464106525402,-0.48601163188045193,-0.11822537266074491,-0.9440032998206563,-0.9298249056566585,-0.9613520912649846,-0.9276553181125248,0.899219755672276,-0.8954539652909893,0.5821423024271543,-0.9943485641180615,2.543173159193169,-0.48467162271746705,2
-0.28718326344709527,-0.21160368475757949,-0.3288948681021263,-0.1260058393106736,0.047860590799216465,-0.10251974589806545,-0.8499348232672703,-0.8890856560892978,-0.8138820423262949,-0.8465055147269718,0.33075545183551086,-0.4442923586736577,0.41007342204478003,-0.8449368215884734,1.9456301978591204,-0.6064133134282435,2
-0.28718326344709527,-0.21160368475757949,0.07666095604607356,-0.0860399125590595,-0.24228742761000477,-0.10054294762919597,-0.46694169961573234,-0.6321150114807372,-0.24942780387686111,-0.560978443768508,-1.1433978677880763,1.1407094080946922,-0.7438002581905321,-0.2730505846753488,1.1377688484566886,-0.5726491547483427,2
-0.28718326344709527,-0.21160368475757949,-0.39942634876119176,-0.12668866574797327,0.01304285031638865,-0.08090542684347098,-0.8595336386782759,-0.8859518650575843,-0.8291375778079111,-0.861533257296886,0.4560102705184739,-0.4917831103460387,0.35946489405582577,-0.8603932220978261,1.8958763253735311,-0.5745647058104942,2
-0.28718326344709527,-0.21160368475757949,-0.13493339388758524,-0.12899322738569247,-0.3583465472329521,-0.1135365539178435,-0.852814467890572,-0.9047545971458175,-0.790998760842988,-0.8675443505378609,0.21513552581980513,-0.2662022803238585,0.22788281602365032,-0.8217522428497941,2.170037304072266,-0.5894594652036995,2
-0.28718326344709527,-0.21160368475757949,-0.4523249029184981,-0.13001747337917824,-0.46279980419554495,-0.11822537235196907,-0.9478428311684242,-0.9298249056566585,-0.971522437573864,-0.9276553181125248,0.9377597078868708,-0.9429446528509358,0.6226290956678237,-1.0046528203048266,1.5633202732051703,-0.48467162271746705,2
-0.28718326344709527,-0.21160368475757949,-0.25836355566056063,-0.10199211126416463,-0.3467403148080458,-0.111840401481467,0.0715523891950622,0.0917900907141566,0.09636397977835243,0.022097906270316693,0.12842062466547646,0.23244991768476758,-0.5312446027865475,0.07729413494849534,-0.6680719567438348,-0.42785085011367124,3
-0.28718326344709527,-0.21160368475757949,-0.2054651824164145,-0.1242134031470978,-0.404770202602766,-0.11018196858521614,0.06771288894748742,0.09492401712553454,0.09636397977835243,0.007070234030232082,0.19586556705548802,0.25619529352095805,-0.6425833661841527,0.07729413494849534,-0.6184814061536144,-0.39998318185263715,3
-0.28718326344709527,-0.21160368475757949,-0.22309777248317417,-0.09621816864243629,-0.11462230953746069,-0.10407869225283317,0.41423043628672146,0.427105494193099,0.45232623788882165,0.3527082103485103,-0.2184389799518382,0.6064391196182658,-0.80453039339436,0.4379432405927454,-0.7225269776744608,-0.4535019429627531,3
-0.28718326344709527,-0.21160368475757949,0.34115409183284034,-0.03860325542401029,0.03625472604979671,-0.11536633835565722,-0.36903367875616466,-0.4158836220803567,-0.28502400680462653,-0.41971762682340263,-0.13172407879750953,0.28587694653241025,-0.3490540149844765,-0.309115472055195,0.012274191394290519,-0.5131674374543179,3
-0.28718326344709527,-0.21160368475757949,-0.011503232114609895,-0.07889036736125173,-0.09141055914796849,-0.10251971810824122,0.22417368381418953,0.23281057432488161,0.28197283881698065,0.14532545160747787,-0.10281905393613248,0.5886302346654524,-0.8956256872953956,0.2653468497707418,-0.5610370742358072,-0.4214755362095037,3
-0.28718326344709527,-0.21160368475757949,-0.29362895796813626,-0.12771292499267123,-0.010168795619840314,-0.09020683848822107,0.17425984367696015,0.22967681713808397,0.18026942149474937,0.11226434545984199,0.36929536936414536,0.18495921943941543,-0.7033134102926866,0.16230433427224863,-0.7245150601848233,-0.3507611689035434,3
-0.28718326344709527,-0.21160368475757949,0.1648252394242098,-0.030750702307964915,1.243270049777834,0.49303649446265885,0.09458954618147576,0.14193076978485156,0.09636397977835243,0.04614232251411153,0.3596603899819867,0.08997792980276874,-0.5312446027865475,0.07729413494849534,-0.7682426898410292,-0.3650799130931264,3
-0.28718326344709527,-0.21160368475757949,-0.25836314305159885,-0.11384901938501664,-0.31192282501304974,-0.1075778541460062,0.20593593453327871,0.17013486650699655,0.29977095172250406,0.12729212589966454,-0.4978535554642402,0.8260835121840981,-0.8855039980947575,0.2833793050529542,-0.4431262939351084,-0.484612163498256,3
-0.28718326344709527,-0.21160368475757949,0.7996083527034882,-0.03133693593526422,-0.2190756981111652,-0.10091347656039587,0.27888700940740424,0.3330919324662715,0.28197283881698065,0.220464083307246,0.272945488827658,0.25025901634569664,-0.7134350994933246,0.2653468497707418,-0.7844606334192297,-0.3666143466301941,3
-0.28718326344709527,-0.21160368475757949,0.42931843868927827,-0.11040152779035482,-0.24228759473522588,-0.11092991173680683,0.050434969374022184,0.016579269536791258,0.13196029712252527,-0.01396858284570302,-0.3533288647318612,0.6123753967935276,-0.6729484337860665,0.1133591382512353,-0.3889227816684086,-0.4922821456555374,3
-0.28718326344709527,-0.21160368475757949,2.051541481368871,-0.026322953789488093,-0.39316433158615044,-0.11577749518647612,-0.13962178309850964,-0.15891290978196396,-0.0689041134160162,-0.20331815112859455,-0.06427913640749797,0.3808584498771723,-0.5818531398850311,-0.09014999330956902,-0.317285847592479,-0.4539111509513993,3
-0.28718326344709527,-0.21160368475757949,0.00612938969130063,-0.11397090057790513,-0.24228730226608886,-0.11307911334062358,0.4737431436686114,0.4897812584191776,0.5235186437443525,0.3947859523001185,-0.2377089387161553,0.7370386600037995,-1.0069645417882949,0.510073015352438,-0.6817264873336033,-0.42797311112441666,3
-0.28718326344709527,-0.21160368475757949,-0.3994263075002956,-0.12259167969992736,-0.16104587298840295,-0.09794527939995416,-0.42854641205488225,-0.475425600915541,-0.35113126696565544,-0.4708119504791139,-0.08354909517181523,0.19089565689576354,-0.23771534268216507,-0.37609314654299947,0.06105955269419591,-0.5260742019582894,3
-0.28718326344709527,-0.21160368475757949,-0.17019857402110453,-0.10932599949046462,-0.33513496187961583,-0.11603001215888561,0.741550404637599,0.7467519143093768,0.8108308285720862,0.6472519171109462,-0.5556636919018952,1.0932186564223112,-1.2802504234914012,0.8011681529348628,-0.6898589829432162,-0.44372999705606364,3
-0.28718326344709527,-0.21160368475757949,0.04139523634698891,-0.07300093639230722,-0.323528835997038,-0.11456580306464051,-0.20777342435030477,-0.3250037047239397,-0.05619114620499467,-0.27244582754205354,-0.9121582759013687,0.8913832556633504,-0.5616096703884613,-0.07726963829924456,0.26694391003950346,-0.5769628086116919,3
3.4820970692960302,-0.21160368475757949,-0.3288948363629754,-0.12088459954887044,-0.31192284590370234,-0.11216421777664527,-0.6867548057792092,-0.7041921318794985,-0.6486139033653634,-0.7082502700997916,0.3982003335250915,-0.29588398676233946,0.08617901235271931,-0.6774926469612516,0.2849933605204924,-0.4940022847972545,3
-0.28718326344709527,-0.21160368475757949,-0.011503041679704505,-0.10279454014676781,-0.30031696026363,-0.11336978121298591,0.6983557352880738,0.6433369964098665,0.8311716859494719,0.5871410117511316,-1.0759530988278672,1.5028260556776678,-1.4320757615009705,0.8217768322373599,-0.5005941717201204,-0.4915353378622461,3
-0.28718326344709527,-0.21160368475757949,-0.25836336522565523,-0.10768023442663124,-0.36995232215256546,-0.11117697953638635,0.5802900724812565,0.5994638317127666,0.6150517696775801,0.5150078171196163,-0.2955189017240082,0.7192294544888128,-0.9158692478872593,0.6028113303071552,-0.7682371781679942,-0.4512631265888043,3
-0.28718326344709527,-0.21160368475757949,0.07666095604607356,-0.10967868315315214,-0.07980448549202233,-0.10480740628701202,-0.28456405130566,-0.21845494502534166,-0.3307905697712403,-0.290479099149998,0.8414098186788934,-0.5570828003982622,0.06593565217050221,-0.3554846295325536,-0.9717505460538622,-0.29707553629821476,3
-0.28718326344709527,-0.21160368475757949,0.07666105126352626,-0.09416877303802128,-0.2538932505781192,-0.11548070305440564,-0.7424279610798694,-0.7323962286016436,-0.7274341078541323,-0.762350166073428,0.6968849718596921,-0.5036557715506196,0.12666583292197686,-0.7573506532748017,0.35211314784398046,-0.3876428547969772,3
-0.28718326344709527,-0.21160368475757949,-0.029136012616274957,-0.08085358169069824,-0.21907544742333346,-0.1098769899826292,0.510218745897743,0.5367881238948815,0.5540296094444899,0.4278469231980818,-0.1702639963261439,0.7251658385181321,-1.0575729877914843,0.540985709722081,-0.6974579045096715,-0.4139071811068955,3
-0.28718326344709527,-0.21160368475757949,-0.18783217974069313,-0.1154219290537718,-0.2654991779994969,-0.11246920698053553,0.08883030876852743,0.13566325541125648,0.08365112698373836,0.0491478407321677,0.3596603899819867,0.036550900955126114,-0.44014930888551196,0.06441389586106461,-0.7870692862199319,-0.38716030305793114,3
-0.28718326344709527,-0.21160368475757949,-0.06440220840262316,-0.11273369827105857,-0.38155845221327384,-0.10945774621003472,0.23857190693069796,0.35816221559342554,0.16247126282266278,0.21144744750327374,0.9088547523974148,-0.3374383009783724,-0.37941908258639034,0.14427183262087848,-1.089435612320438,-0.2193187547886571,3
-0.28718326344709527,-0.21160368475757949,-0.36416033388800373,-0.1225067032482168,-0.27710506363956927,-0.11214232485019326,0.22801326181224688,0.18580384986966125,0.33028198607248616,0.14532545160747787,-0.5749335639513115,0.9032560771490179,-0.9361125351932411,0.31429206897633377,-0.4089808621768341,-0.4879402727681517,3
-0.28718326344709527,-0.21160368475757949,1.734150289729467,0.02825449582964738,-0.27710520987413784,-0.11073280046913854,0.728112140812674,0.6966113762591656,0.8184587416217319,0.6442463988928898,-0.8832531643250904,1.229754634264193,-1.1689115689985021,0.8088965004116142,-0.638846023869546,-0.49393941872548336,3
-0.28718326344709527,-0.21160368475757949,6.265795159974817,0.2683259995819829,-0.34674063652409653,-0.11047644808928449,0.10226862442710768,0.12626178642218683,0.12433245272272421,0.05215335895022406,0.13805560404763517,0.23838624828705807,-0.5514880722831172,0.10563086032822015,-0.6290030136036054,-0.4211247589562768,3
3.4820970692960302,7.194525281757703,0.5703811905290133,-0.029273118402868874,0.5004914050918515,-0.09591989937207057,0.19441738195689948,0.20774040401411456,0.22857854586697327,0.13931427992169299,-0.035374198261022165,0.39866733482998595,-0.6425833661841527,0.2112495302932618,-0.6836426976275911,-0.4433090900642862,3
-0.28718326344709527,-0.21160368475757949,0.7467094398937768,-0.0451148066074241,-0.3699524621199382,-0.1130129406228732,0.6561207919786838,0.5775273339765068,0.8032032587716629,0.551074468535243,-1.2590178805186834,1.5681256388758331,-1.351102156800573,0.7934401532267924,-0.4350889959421532,-0.5168838636358399,3
-0.28718326344709527,-0.21160368475757949,-0.29362914840304166,-0.12361593825325774,-0.35834645113594993,-0.11673868221625108,0.5476540482501824,0.5775273339765068,0.5870833653830526,0.4669191198816992,-0.1702639963261439,0.7251658385181321,-1.0575729877914843,0.5744746744811664,-0.7207956950341381,-0.4147277183320084,3
-0.28718326344709527,-0.21160368475757949,-0.17019958967393345,-0.10330759020983833,4.980375921895303,0.14305687229842393,0.5082989568987143,0.5555908926484405,0.467581606322483,0.5059912083655786,0.022435764746830695,0.13153219059177282,-0.24783703188280296,0.45339947185467333,-0.9969507088501126,-0.40523179176293245,3
-0.28718326344709527,-0.21160368475757949,-0.6110206574339545,-0.13180990827524677,-0.5440412272060351,-0.11978831179570253,-0.9612811857022457,-0.9298249056566585,-1.0071186542315984,-0.9276553181125248,1.0726495579809332,-1.1091620806815599,0.7643328902292252,-1.04071772159542,-1.8661652686866672,0.861610575243982,4
-0.28718326344709527,-0.21160368475757949,-0.6110206574339545,-0.13180990827524677,-0.5440412272060351,-0.11978831179570253,-0.9612811857022457,-0.9298249056566585,-1.0071186542315984,-0.9276553181125248,1.0726495579809332,-1.1091620806815599,0.7643328902292252,-1.04071772159542,-1.8661652686866672,0.861610575243982,4
-0.28718326344709527,-0.21160368475757949,-0.6110206574339545,-0.13180990827524677,-0.5440412272060351,-0.11978831179570253,-0.9612811857022457,-0.9298249056566585,-1.0071186542315984,-0.9276553181125248,1.0726495579809332,-1.1091620806815599,0.7643328902292252,-1.04071772159542,-1.8661652686866672,0.861610575243982,4
-0.28718326344709527,-0.21160368475757949,-0.06440195448941594,-0.10169674059216333,0.744215651143604,-0.07137816626796796,-0.520695117751019,-0.5631716482687735,-0.4452069771877747,-0.5639839619865642,0.03207074412898925,0.1018505375803206,-0.20735027508025125,-0.4714075232259501,0.23924321142080263,-0.5073954578544912,4
-0.28718326344709527,-0.21160368475757949,-0.3994263392394466,-0.12464017007370788,-0.49761755721276435,-0.11948334800406266,-0.9305649452868348,-0.9235573286699688,-0.9333836343389099,-0.9246497698690411,0.8221398512430861,-0.7826635769934135,0.47080360279625466,-0.9660118549675418,2.445187958781138,-0.46978843376691926,4
-0.28718326344709527,-0.21160368475757949,-0.45232495052722443,-0.1191873257557461,0.047860590799216465,-0.09877877136399969,-0.44870389850116654,-0.469157973725559,-0.4096107742600092,-0.4708119504791139,0.17659560829117077,-0.09404853257634978,-0.025159687278180277,-0.4353426358461038,-0.21031613510641528,-0.5208243707234914,4
-0.28718326344709527,-0.21160368475757949,-0.6110206574339545,-0.13180990827524677,-0.5440412272060351,-0.11978831179570253,-0.9612811857022457,-0.9298249056566585,-1.0071186542315984,-0.9276553181125248,1.0726495579809332,-1.1091620806815599,0.7643328902292252,-1.04071772159542,-1.8661652686866672,0.861610575243982,4
-0.28718326344709527,-0.21160368475757949,-0.06440201796771777,-0.10591089800660149,-0.26549915710884425,-0.10676918055350168,-0.7635453912676403,-0.738663807844661,-0.7604877264930061,-0.7833889964743302,0.8510448067325421,-0.6045734452165855,0.13678752212261483,-0.7908394789264147,0.39391103053722465,-0.26281686975518886,4
-0.28718326344709527,-0.21160368475757949,0.0061295166479042465,-0.092461685051465,-0.2887110328422523,-0.11124932324191972,-0.9219260010501986,-0.9016208089345135,-0.9410113986472256,-0.9096220275696263,0.9377597078868708,-0.8895176346886988,0.5315338017667882,-0.9737400517445313,0.9940721688429797,-0.38107997116128767,4
-0.28718326344709527,-0.21160368475757949,-0.11730048642931658,-0.10859361398048491,-0.4395879514418548,-0.11624310936855312,-0.8220982222917954,-0.8264098834019903,-0.8011691208818364,-0.834483322835035,0.6294400728271313,-0.5274010939597812,0.23800453255287646,-0.8320565129473064,0.9137965030125322,-0.4548488710485357,4
-0.28718326344709527,-0.21160368475757949,-0.2230976772657214,-0.10320421231828479,-0.49761753214398113,-0.11801663186626361,-0.47078122578013454,-0.5192986245921573,-0.3918126155879228,-0.5128896653807875,-0.06427913640749797,0.1671503344866018,-0.21747196428088914,-0.4173101341947338,0.15782892212812363,-0.527429100793458,4
-0.28718326344709527,-0.21160368475757949,-0.3817933365637251,-0.12523764418578254,-0.4511938370819273,-0.11536633156258909,-0.43718537184161477,-0.47855935810233846,-0.34858863691020076,-0.4978619119908994,-0.02573921887886361,0.26213162412324853,-0.419905930484236,-0.37351703844560863,0.12485275873415441,-0.478563586038683,4
-0.28718326344709527,-0.21160368475757949,-0.4523249029184981,-0.11772649599197589,1.7075069377264152,1.2368428734038504,-0.7721843406876421,-0.7794030517712023,-0.7554025579152227,-0.7773779113483357,0.5619951304371199,-0.5155284327552004,0.28861301499418374,-0.7856873554699478,0.3385039452532509,-0.4982809059314469,4
-0.28718326344709527,-0.21160368475757949,-0.06440189101111415,-0.09191843374739377,-0.4511938705069715,-0.11462302395953015,-0.5869269959206129,-0.6258474124948521,-0.5265697430821539,-0.61507831269221,0.11878564528331792,-0.05843054896260729,-0.025159687278180277,-0.5538415680831549,0.25013198448168317,-0.5283740845573739,4
-0.28718326344709527,-0.21160368475757949,-0.5228563359688372,-0.1260272129397969,-0.404770202602766,-0.11404741425662505,-0.7952215158158348,-0.8138747333771842,-0.7452321978763743,-0.8284722241840732,0.47528022928279123,-0.30182031736462994,0.015327160619665435,-0.7753830853724355,1.1357479163750381,-0.4459473438308597,4
-0.28718326344709527,-0.21160368475757949,-0.6110206574339545,-0.13180990827524677,-0.5440412272060351,-0.11978831179570253,-0.9612811857022457,-0.9298249056566585,-1.0071186542315984,-0.9276553181125248,1.0726495579809332,-1.1091620806815599,0.7643328902292252,-1.04071772159542,-1.8661652686866672,0.861610575243982,4
-0.28718326344709527,-0.21160368475757949,-0.3994263075002956,-0.12976140925937135,-0.41637611748975206,-0.11731048131670288,-0.8844905872554009,-0.8984870179028,-0.8596486121578932,-0.8915887370267278,0.5909001292840265,-0.5511464163689429,0.3189781099246858,-0.8913059860212056,1.7902027820117274,-0.5095479458701693,4
-0.28718326344709527,-0.21160368475757949,-0.5052234665975496,-0.1249390411398302,-0.4511938872194936,-0.11462302272442686,-0.7942616239080033,-0.8138747333771842,-0.7452321978763743,-0.8254666789160825,0.4656452499006326,-0.3077566479669203,0.03557053902094137,-0.7753830853724355,1.08972469694651,-0.45530976034771775,4
-0.28718326344709527,-0.21160368475757949,-0.3817934413029231,-0.11771486119721693,-0.4976175551236991,-0.1169870409046286,-0.9468829470356409,-0.9204235398945828,-0.9791501995938519,-0.9246497698690411,1.0148396209875508,-1.0023080229862744,0.6428724922881583,-1.0123810147633583,0.46098566623521126,-0.3731765231832768,4
-0.28718326344709527,-0.21160368475757949,-0.5052234348583987,-0.12209303497201496,-0.4511938705069715,-0.11624495255437634,-0.7453076316199987,-0.7731354866302331,-0.6842101291764102,-0.7833889964743302,0.3500254105998281,-0.1830935450377349,-0.05552475488009411,-0.7135575575256765,0.877423164826803,-0.4680670733006992,4
-0.28718326344709527,-0.21160368475757949,0.4822168436725753,-0.1036198141191871,-0.39316427518138836,-0.11577750095029152,-0.4208673338092502,-0.45348901856699103,-0.3562164126601573,-0.46179531467514173,0.0417057235111478,0.1077869750366687,-0.22759365348152719,-0.3812452468148875,-0.037139941565430504,-0.5047896656075951,4
-0.28718326344709527,-0.21160368475757949,-0.34652774382124407,-0.11315073120287743,-0.4976175488565033,-0.11801663248381526,-0.9430434182795558,-0.9141559617797292,-0.9791501995938519,-0.9186386731115748,1.0341096014305933,-1.026053366766248,0.663115888908493,-1.0123810147633583,0.5018126126066363,-0.32443725481394003,4
-0.28718326344709527,-0.21160368475757949,-0.3465278390386968,-0.1158804647821707,-0.4511940376321927,-0.11698704193388135,-0.14154152026388328,-0.16204675158105167,-0.10704285486611032,-0.16124049032678986,-0.07391411578965668,0.12559585998948233,-0.1364983595804917,-0.12879089604849114,-0.5105401841317361,-0.5443535086694631,4
-0.28718326344709527,-0.21160368475757949,-0.4699578008550215,-0.12553769518592947,-0.0565926724305722,-0.09954925144548757,-0.7990610497552852,-0.8201423097997921,-0.7477748050485477,-0.8314777721570574,0.4560102705184739,-0.29588398676233946,0.025448849820303487,-0.7779591702852477,1.1643800877366286,-0.46126256025418316,4
-0.28718326344709527,-0.21160368475757949,-0.25836336522565523,-0.12131449030471947,-0.4279820908705656,-0.11624495564213458,-0.2164123841370374,-0.23725765737070725,-0.18586308223816075,-0.23036808559044558,-0.01610415278180382,0.036550900955126114,-0.04540306567945622,-0.20864892554662007,-0.47509077872018474,-0.5542691209058137,4
-0.28718326344709527,-0.21160368475757949,-0.3288948871456168,-0.11926548117478869,-0.4163761300241437,-0.11245668375356041,-0.9420835367384551,-0.9204235398945828,-0.9664372644194242,-0.9246497698690411,0.966664680719307,-0.9429446528509358,0.592264009846851,-0.9995006922114439,1.44083855222321,-0.42888351212083436,4
-0.28718326344709527,-0.21160368475757949,-0.43469205893853125,-0.12250671085326031,-0.43958798486689904,-0.1150592234360641,-0.7779436221591971,-0.7982057782186163,-0.7274341078541323,-0.8104389309361812,0.446375265121845,-0.2840112721307298,0.015327160619665435,-0.7573506532748017,0.9817873110490636,-0.45530976034771775,4
-0.28718326344709527,-0.21160368475757949,0.4822166214985189,0.17922026274264416,-0.3235287942157327,-0.11090624787807458,-0.5878868774617134,-0.6509177238261028,-0.4833457415211503,-0.6451337653721173,-0.10281905393613248,0.25025901634569664,-0.31868894738256265,-0.5100484491494509,0.6780333661453037,-0.5123752478137152,4
-0.28718326344709527,-0.21160368475757949,-0.27599630442307477,-0.1242134031470978,-0.5092234679216199,-0.11944522744648088,-0.9296050637457343,-0.917289751401238,-0.9410113986472256,-0.9186386731115748,0.8703147915113297,-0.8420269364433466,0.5214121034566208,-0.9737400517445313,2.2492172933967693,-0.46612105340621696,4
-0.28718326344709527,-0.21160368475757949,-0.487590632139328,-0.13138313793788992,-0.34674063652409653,-0.11822536782325699,-0.906567880842493,-0.9016208089345135,-0.900329999681739,-0.9096220275696263,0.7835998903570011,-0.6995548684208044,0.36958660147552247,-0.9325230130867237,2.0205848504483397,-0.43244283740316514,4
3.4820970692960302,3.491460798500062,-0.09966738853614243,-0.09835484479629192,-0.2771049382956534,-0.10842675402370698,0.6772381858828961,0.6558720251570567,0.7726921786551182,0.578124402997094,-0.7483633662599688,1.2238182502348738,-1.300493710797383,0.7625273429342557,-0.6080371825930326,-0.46771758165221217,5
-0.28718326344709527,-0.21160368475757949,0.04139552199934699,-0.04227353699898532,1.9048072442954778,1.0596976681158252,-0.2759250656020998,-0.2685955112796497,-0.25197036528247124,-0.30851234370800784,0.29221544759197526,-0.05843054896260729,-0.20735027508025125,-0.2756266232190034,-0.6691508336703683,-0.4889182965738777,5
-0.28718326344709527,-0.21160368475757949,-0.011503422549515283,-0.09688769362816727,-0.10301627766281976,-0.10141915255307979,0.5774104537747824,0.5555908926484405,0.6887868513551285,0.46090794819591435,-0.6712833577728976,1.2534997429652392,-1.4320757615009705,0.6775172595333959,-0.5104799084754269,-0.4455151877976098,5
-0.28718326344709527,-0.21160368475757949,0.8525067259476343,-0.005171760666285048,0.61655053307106,-0.06014029482809431,0.08307094177144143,0.07925506196696648,0.11416213845043885,0.0491478407321677,-0.10281905393613248,0.28587694653241025,-0.37941908258639034,0.09532663659986532,-0.6519736826105669,-0.537015276815261,5
-0.28718326344709527,3.491460798500062,0.059028334240163044,-0.0889931214944061,0.5237032181533017,-0.0905421659461462,0.6014074923022965,0.5743935485856125,0.7243830542828938,0.4759357556856715,-0.7387284735927113,1.3544175234852627,-1.5332927446026439,0.7135821469132422,-0.4795940360565784,-0.4436949000466699,5
-0.28718326344709527,-0.21160368475757949,-0.2054649919815091,-0.10880706681100506,-0.20746968712717695,-0.108221406778465,0.32112179721582895,0.3330919324662715,0.38113378626672784,0.2354918637470686,-0.15099403756182664,0.6836116311561569,-1.0069645417882949,0.36581341946389545,-0.5839806258114373,-0.41602270798630725,5
-0.28718326344709527,-0.21160368475757949,-0.25836314305159885,-0.11451863194397599,0.16391961432516164,-0.09416778183208369,0.11954654400057294,0.1387970125980541,0.152300971433659,0.061170102953934095,0.08024564103978231,0.3274314210295297,-0.6425833661841527,0.1339676320771025,-0.638664315032933,-0.4194929408601768,5
-0.28718326344709527,-0.21160368475757949,-0.1701989866300663,-0.061734364013136915,1.3361173020236345,0.19950888450685583,0.12818545195365044,0.08552257634056154,0.18789710571157997,0.09723667321975737,-0.4978535554642402,0.5233304377591712,-0.36929748448104627,0.1700324499032125,-0.5062527198180029,-0.6054540594517168,5
3.4820970692960302,-0.21160368475757949,-0.18783237017559853,-0.11177804389347987,-0.07980454816398026,-0.10261124749672045,0.6350034499081263,0.6214004140613165,0.7243830542828938,0.5360466610454858,-0.6423785930562239,1.1466456852699538,-1.2802504234914012,0.7135821469132422,-0.5983648578176354,-0.45532197359274484,5
-0.28718326344709527,-0.21160368475757949,0.41168524557865144,-0.08790438576893976,0.05946660178320477,-0.09737812922831986,0.5966080845967936,0.568125977803824,0.7116701328384354,0.4819467921217838,-0.7483633662599688,1.2950542174623587,-1.4219541633956263,0.7007018382720752,-0.5060371031688794,-0.4546982624532801,5
-0.28718326344709527,-0.21160368475757949,0.3235211843745716,0.044787466358070745,0.7558214323304131,0.21079246917833167,-0.11754442990271409,-0.10563855813676165,-0.0994151248827167,-0.14921828220489256,0.2055005464376466,0.030614570352835633,-0.2680804102840789,-0.12106273404836973,-0.6740548557764721,-0.478806951015908,5
-0.28718326344709527,-0.21160368475757949,-0.13493358432249064,-0.11021853915097642,0.2567668456803094,-0.09005654494328008,0.3451188616601707,0.3456269612134616,0.41927252771682194,0.2535251894548819,-0.27624885624478984,0.8023384034830519,-1.0778162750974665,0.4044543222028176,-0.5393150857782371,-0.4295988868782398,5
-0.28718326344709527,-0.21160368475757949,0.5703810953115606,-0.11499507478438922,1.858383827079104,0.07496930185587858,0.08691046793584366,0.06671992040338955,0.1294176899503521,0.05515903946788717,-0.2569788974804726,0.36898568181853375,-0.3591757041851144,0.1107830533384232,-0.5519349210125193,-0.5518726251105408,5
-0.28718326344709527,-0.21160368475757949,-0.275996558336282,-0.10457809799817609,0.16391961432516164,-0.10334650757838408,0.43918738227216353,0.4490420765416491,0.5158909595275218,0.33467499284043495,-0.26661396357753236,0.8973197465467274,-1.2498851736988994,0.502344899721474,-0.5494411314778632,-0.4078976860314094,5
-0.28718326344709527,-0.21160368475757949,-0.2230975503091178,-0.10867911310609543,0.09428421692211664,-0.09519926497197279,0.2961649289808695,0.314289107304519,0.3633356733612044,0.19641977526318913,-0.07391411578965668,0.7132931773135511,-1.1385466835871758,0.34778096418168297,-0.517989893685792,-0.39022872017040783,5
-0.28718326344709527,-0.21160368475757949,0.49984984634829677,-0.06869695189112923,0.1407079892795854,-0.09096786797096597,0.5870092691857881,0.5618584634302292,0.7040423342051975,0.4669191198816992,-0.709823362016433,1.30099049463762,-1.4725626093988162,0.6929736067182178,-0.4833484995411496,-0.446800792537309,5
3.4820970692960302,-0.21160368475757949,0.5527479974183865,-0.08470563302398607,-0.17265207198826504,-0.10701254633679293,0.2942450881481857,0.3048878357441265,0.3633356733612044,0.1994253205311799,-0.1413590581796681,0.7251658385181321,-1.0879381464886924,0.34778096418168297,-0.5234249324187652,-0.4066741760006378,5
-0.28718326344709527,-0.21160368475757949,0.04139523634698891,-0.07914644991752777,3.2510938642052687,0.31238394575135764,0.07539191535946442,0.04478336625893626,0.09127885696713198,0.08521441099799097,-0.34369388534970247,0.1730866116618634,0.06593565217050221,0.0747180964048406,-0.7027767571750702,-0.7566380271087104,5
-0.28718326344709527,-0.21160368475757949,0.729077167218526,-0.06281554539537544,0.4888855403424318,-0.08764686252390703,0.3431990985779695,0.32995811887128057,0.4167299205446488,0.26554731642697577,-0.4015037616426541,0.7964020194537327,-0.9361125351932411,0.40187823729000544,-0.5595526704540615,-0.46977512775786345,5
-0.28718326344709527,-0.21160368475757949,-0.029136203051180417,-0.04295637541998994,0.21034336579197765,-0.024906420676789144,-0.05611198535545056,-0.04296273750248968,-0.025680111855012584,-0.1041350761350971,0.16696054219411097,0.1671503344866018,-0.46039277838208176,-0.04635687437586501,-0.6061696073019042,-0.42471706000018067,5
-0.28718326344709527,7.194525281757703,0.252989491063195,-0.09311992230896847,0.5469149058708358,-0.0876285459419826,0.430548474319086,0.398901397470954,0.531146327961183,0.3376805651583601,-0.6423785930562239,1.0576008330896554,-1.1284249943865379,0.5178011309834017,-0.5042997356415263,-0.4723499369305325,5
-0.28718326344709527,-0.21160368475757949,-0.08203483020853368,-0.10108244435428292,-0.07980454816398026,-0.1079697297792241,0.2635289047497951,0.2484796422998365,0.33282463901122233,0.193414148845395,-0.3533288647318612,0.7014206229630283,-0.8247739539862239,0.3168682002583034,-0.5687711420250771,-0.47195718468255465,5
-0.28718326344709527,-0.21160368475757949,0.5880138123349239,-0.08024028332670974,0.24516112716545818,-0.10389248087470399,0.5524534818725128,0.5179853551413226,0.650647858188938,0.4639134934639051,-0.7676332383093849,1.1407094080946922,-1.1385466835871758,0.6388761017641077,-0.5631039957172602,-0.48912662882194613,5
-0.28718326344709527,3.491460798500062,-0.09966738853614243,-0.10731613951137302,0.17552560441849724,-0.10233929524757343,0.4295885927779855,0.398901397470954,0.5413168024164389,0.32265270356873416,-0.632743440244263,1.1347731309194307,-1.2701287342907632,0.5281055170038078,-0.4633906873885742,-0.457585923539355,5
-0.28718326344709527,-0.21160368475757949,-0.06440201796771777,-0.1054591238532576,-0.06819853717999196,-0.0988161548531027,0.3278409939203606,0.3236904634772018,0.4040170677500347,0.23849738196512477,-0.30515388110616687,0.8023384034830519,-1.0474513896861404,0.3889979982025747,-0.5396022659900449,-0.43803136120663694,5
-0.28718326344709527,-0.21160368475757949,0.21772408875561944,-0.09018110764689853,0.10589024879675757,-0.09635118921006565,0.3096032446394497,0.31115535011772155,0.38113378626672784,0.220464083307246,-0.2377089387161553,0.7548476518106709,-1.0373297004855022,0.36581341946389545,-0.5432042986451643,-0.42797053991493716,5
-0.28718326344709527,-0.21160368475757949,0.711443751933843,-0.07931401668093117,0.3147966916937244,-0.09665447500065599,0.27504750915982945,0.26728227003291183,0.34045239187789755,0.20243089284910504,-0.2955189017240082,0.6836116311561569,-0.8551391126834313,0.3245963854430037,-0.5862307112111842,-0.4578728062370189,5
-0.28718326344709527,3.491460798500062,0.07666111474182812,-0.09332382043935973,0.3844321308780746,-0.09289027331979946,0.3681560445634117,0.35189456019934684,0.4650391822165617,0.26554731642697577,-0.449678658553447,0.9804283215517643,-1.1992767276957095,0.4508235724184912,-0.4659075377632079,-0.43742584137423857,5
-0.28718326344709527,-0.21160368475757949,0.00612958012620609,-0.09765654970047681,0.10589024879675757,-0.10858321896813208,0.29712481052197,0.314289107304519,0.34299495328350765,0.22346970972504016,-0.08354909517181523,0.564884858829262,-0.8753823999894135,0.32717242398665825,-0.6367439158674386,-0.42145014551589466,5
-0.28718326344709527,-0.21160368475757949,0.42931866086333464,-0.09373492835091055,-0.07980454816398026,-0.10116460393866869,0.630203964452141,0.5837949893705856,0.7447237743605907,0.5330411428274296,-0.9410630406180422,1.3187994864444914,-1.2600068628995376,0.7341906871082668,-0.5452202481743909,-0.4943005450968647,5
-0.28718326344709527,-0.21160368475757949,-0.4523248077010454,-0.12538281086964356,-0.12622825784949102,-0.11404741549172835,-0.3469564033108517,-0.440953877003414,-0.4248662571100779,-0.16124049032678986,-0.5845684566185689,-0.8301542592106571,2.0295453156430843,-0.3838213085431209,-0.1507824381745573,2.703194754378375,6
3.4820970692960302,-0.21160368475757949,-0.22309777248317417,-0.11883610733144302,0.08267835217269688,-0.10057561508220225,-0.38247202033157257,-0.41274978028126896,-0.5163993830433055,-0.19129602415650052,0.03207074412898925,-1.2516341593895077,2.100397231142844,-0.40958199537919104,-0.4226245898874539,2.4389387644134763,6
3.4820970692960302,-0.21160368475757949,-0.08203483020853368,-0.10415519305093794,0.01304285031638865,-0.09828837977464111,-0.45254345058239637,-0.44722150419339596,-0.5977621489376848,-0.28146240924615684,0.4174703269753692,-1.3881699021524623,1.9283283325414107,-0.48686387041077167,-0.6064575371012446,2.2687919340052107,6
-0.28718326344709527,-0.21160368475757949,-0.3288948871456168,-0.1167876035912224,-0.09141049647601056,-0.1080090884043528,-0.5840473772141388,-0.6227136271039577,-0.6943804663319771,-0.41070104511929933,0.11878564528331792,-1.2516341593895077,2.0093019372418084,-0.5976346870168588,0.03732743503412377,2.4348993943213424,6
-0.28718326344709527,-0.21160368475757949,-0.17019914532582084,-0.09758295362025116,-0.24228734404739416,-0.10347273925255471,-0.5965258372484461,-0.6289811978857462,-0.7223489163930674,-0.41070104511929933,0.1862305876733293,-1.3703608943174825,2.1408839879453954,-0.5976346870168588,0.10045055391319738,2.3511198760074796,6
-0.28718326344709527,-0.21160368475757949,-0.08203467151277923,-0.11363130242964158,-0.2538931879061613,-0.11245668375356041,-0.5725287728041044,-0.5537702920960907,-0.7376044450096992,-0.38966214709356084,0.63907505220929,-1.6256233773511148,2.100397231142844,-0.5796021853654888,-0.06325477752516014,2.0863436018044244,6
-0.28718326344709527,-0.21160368475757949,0.11192664400600738,-0.09906798355431883,-0.24228734404739416,-0.10923230795112872,-0.7222704487167575,-0.7449313899080882,-0.8393079195401343,-0.5549673261825921,0.37893034874630394,-1.4119152352470299,2.0093019372418084,-0.7212857427103768,0.6180132309980821,2.2712347115711133,6
-0.28718326344709527,-0.21160368475757949,-0.046769142248599946,-0.10654509871747106,-0.0333807131345536,-0.10896209719763333,-0.5216549992921196,-0.5819743888182357,-0.6333583747487316,-0.32654569646575554,-0.13172407879750953,-1.2100797970891488,2.201614214244517,-0.5255048890725875,0.10134194576977759,2.478789168771823,6
-0.28718326344709527,-0.21160368475757949,-0.15256623786755216,-0.11269058574026723,-0.10301627766281976,-0.09935573751910294,-0.5168555915866168,-0.5475027213143022,-0.6511565105375366,-0.32354009709789594,0.13805560404763517,-1.3644245476870835,2.181370744747947,-0.5229287809751967,-0.11815686127898885,2.36110073268437,6
-0.28718326344709527,-0.21160368475757949,-0.011503390810364432,-0.08196315753996232,0.11749611354617731,-0.08605169058937914,-0.7952215158158348,-0.754332746080771,-0.8698189653317571,-0.7383057768795677,1.0244746090411996,-1.174461781419189,0.9262800814109616,-0.8732735400128246,-1.02376389583005,1.9907862085085204,6
-0.28718326344709527,-0.21160368475757949,0.18245811514332755,6.207637391811536e-05,-0.1958636970338413,-0.09462880266499163,-0.7885023398447654,-0.7919382074368277,-0.900329999681739,-0.6451337653721173,0.6101700707053634,-1.4297242537674155,1.7967461907425295,-0.7985676641111148,0.7492329379425718,2.17716199890885,6
-0.28718326344709527,-0.21160368475757949,-0.1349334256267362,-0.11021854675601993,-0.09141041291340002,-0.10128083436387553,-0.5629299573930988,-0.5725730044414562,-0.7223489163930674,-0.35960669441365356,0.36929536936414536,-1.5781326791057626,2.3028312884414848,-0.5538415680831549,-0.013167074027196302,2.1959870448320262,6
-0.28718326344709527,-0.21160368475757949,-0.11730042295101473,-0.10972315537354214,0.4424617679849632,-0.09256404651468257,-0.3642342710506618,-0.44722150419339596,-0.49097354015438843,-0.1311850105969481,-0.46894879074756657,-1.1863344533091758,2.5153867616548817,-0.3580606680762082,-0.010861386869873712,2.5078587489040016,6
-0.28718326344709527,-0.21160368475757949,-0.3112618495568295,-0.11909216384620641,-0.24228738582869944,-0.10210039745046638,-0.45350335804032443,-0.48482692888412704,-0.5850492274932261,-0.263429164688147,0.08024564103978231,-1.293188511004461,2.1206406095441195,-0.4714075232259501,-0.2832551027267138,2.412861107911762,6
-0.28718326344709527,-0.21160368475757949,0.3587868723345054,0.21993394387536416,0.221949376775966,-0.057118248193068176,-0.7491471577844009,-0.7449313899080882,-0.8596486121578932,-0.61507831269221,0.6487100315914486,-1.3881699021524623,1.685407518440218,-0.7728070468287809,0.2799359375304827,2.207092162853783,6
-0.28718326344709527,-0.21160368475757949,0.35878674537790173,-0.07282107711310849,0.09428427959407457,-0.08868915899317906,-0.4362254384668592,-0.4942282850568097,-0.6003047332265764,-0.18227936130259395,-0.1798990624232037,-1.50689664242314,2.758307757946662,-0.4018537870099122,0.08062916669158073,2.3427257127003256,6
3.4820970692960302,-0.21160368475757949,0.23535671056152999,0.008512123190786581,-0.1958636970338413,-0.10194793115297186,-0.5610101683940701,-0.5788405752232447,-0.6587842634042117,-0.42272317209139326,0.29221544759197526,-1.1447801016942225,1.6449207616376664,-0.6079388875606349,-0.3871784914797236,2.503947810725363,6
-0.28718326344709527,-0.21160368475757949,-0.2407304895065374,-0.11743846073013138,0.047860590799216465,-0.09747463505384138,-0.5629299573930988,-0.5788405752232447,-0.6969230735041504,-0.38365111065744834,0.3114854063562925,-1.4000425847278548,2.059910383244998,-0.5744501082781795,-0.15793315048981857,2.3028993491506116,6
-0.28718326344709527,-0.21160368475757949,-0.4699578008550215,-0.12250671569283347,-0.41637617807264476,-0.11278513611189683,-0.5456520637364611,-0.5224323817789547,-0.7020082420819338,-0.37763996602159794,0.6583450369880776,-1.5425146420649913,1.9384500217420486,-0.5692979384525553,-0.3568181240147098,2.1106012276761463,6
-0.28718326344709527,-0.21160368475757949,-0.15256623786755216,-0.11064210850247098,-0.34674066159287964,-0.11410836197279423,-0.7597058625115554,-0.754332746080771,-0.8799893185056209,-0.61507831269221,0.6679800337132163,-1.4653422640946725,1.7967461907425295,-0.7728070468287809,0.5289929651974631,2.1362791896642883,6
3.4820970692960302,-0.21160368475757949,-0.0467691105094491,-0.06967217427613541,-0.1262281951775331,-0.1101819527347238,-0.6368409138083249,-0.6603191082028823,-0.7604877264930061,-0.46179531467514173,0.3018504269741338,-1.3881699021524623,2.0497886940443597,-0.6414277363968265,0.10589626324516618,2.3189704368806408,6
3.4820970692960302,-0.21160368475757949,-0.2054648650249055,-0.12011640488489111,0.10589024879675757,-0.07236645269922666,-0.5677293650986016,-0.5882419596000242,-0.6664120162708869,-0.42572877145925303,0.272945488827658,-1.1566527735842091,1.685407518440218,-0.6105149956580258,-0.3212662455780946,2.4977540884906784,6
-0.28718326344709527,-0.21160368475757949,-0.43469201450371997,-0.1213144850042346,-0.34674063652409653,-0.11577749271626953,-0.30184189312864257,-0.36260921402696095,-0.4274088413989697,-0.09211286801319978,-0.31478886048832544,-1.1269710906536208,2.2522227513430004,-0.3245718192400166,-0.3268137224409789,2.535476431323401,6
-0.28718326344709527,-0.21160368475757949,-0.4523248394401963,-0.13001747404750028,-0.3815583895413159,-0.11170677359704075,-0.6541188074649625,-0.6540515092169971,-0.7808284236874212,-0.4978619119908994,0.5330901662761737,-1.4237879231651251,1.8675981062422888,-0.6723405235047848,-0.077933597431725,2.229909075773962,6
-0.28718326344709527,-0.21160368475757949,-0.29362914840304166,-0.12464017145644306,-0.2306814375166691,-0.10938142506017741,-0.7712244461881276,-0.7794030517712023,-0.8825318936412001,-0.6240949484961822,0.5523601510549613,-1.4119152352470299,1.8271113494397373,-0.780535232013481,0.4964451249383783,2.2259087880659143,6
3.4820970692960302,-0.21160368475757949,-0.011503327332062588,-0.08913290910794133,-0.12622817428688043,-0.11246918845398603,-0.6157234939872849,-0.6509177238261028,-0.7299766921430241,-0.4407564977992066,0.17659560829117077,-1.3050611882371503,2.039667004843722,-0.6233953042991928,0.12786367547963198,2.383966177183472,6
-0.28718326344709527,-0.21160368475757949,-0.2407305847239901,-0.11465375397854093,-0.3003169811542826,-0.11304099321532797,-0.6061246526594517,-0.6289811978857462,-0.717263747815284,-0.44676756128525363,0.2825804682098167,-1.275379508512184,1.877719795442927,-0.6285474045710808,-0.09649126825991142,2.3932051756453188,6
-0.28718326344709527,-0.21160368475757949,0.1648252394242098,0.025582874001065545,0.15231385402900513,-0.04156512344295363,-0.5446921821953605,-0.5600378628778792,-0.625730598998775,-0.4287342896773092,0.3018504269741338,-1.0141806948762613,1.4121216367371114,-0.6105149956580258,-0.5754247455259792,2.654900755210633,6
3.4820970692960302,-0.21160368475757949,-0.275996240944773,-0.11192241389141845,-0.033380838478469455,-0.06824943758548915,-0.5946060482494174,-0.6227136271039577,-0.7096359949486089,-0.42572877145925303,0.22477050520196384,-1.293188511004461,1.9688150893439624,-0.6105149956580258,-0.007095723665695726,2.3995070815188497,6
-0.28718326344709527,-0.21160368475757949,-0.4523249029184981,-0.12375309936130892,-0.04498680768115245,-0.09837187069914922,-0.6253223093982905,-0.6039109147585923,-0.783371007976313,-0.45277870592110403,0.706519968584831,-1.6196869933217954,2.019423626442446,-0.6336995743967051,0.09783356746286657,2.043627520201052,6
